ad,tur,sehir,website,logo,adres
ABDULLAH GÜL ÜNİVERSİTESİ,Devlet,Kayseri,http://www.agu.edu.tr,assets/img/logo/173499.png,Barbaros Mahallesi Sümer Kampüsü Kocasinan-KAYSERİ
ACIBADEM MEHMET ALİ AYDINLAR ÜNİVERSİTESİ,Vakıf,İstanbul,http://www.acibadem.edu.tr,assets/img/logo/326654.png,İçerenköy Mah. Kayışdağı Cad. No:32 İçerenköy 34752 Ataşehir İstanbul
ADANA ALPARSLAN TÜRKEŞ BİLİM VE TEKNOLOJİ ÜNİVERSİTESİ,Devlet,Adana,http://www.atu.edu.tr,assets/img/logo/385368.png,"Balcalı Mahallesi, Çatalan Caddesi No:201/1 01250 Sarıçam/ADANA"
ADIYAMAN ÜNİVERSİTESİ,Devlet,Adıyaman,http://www.adiyaman.edu.tr/,assets/img/logo/100259.png,"Adıyaman Üniversitesi, Altınşehir Mh. 3005 Sokak No:13 02040   ADIYAMAN"
AFYON KOCATEPE ÜNİVERSİTESİ,Devlet,Afyonkarahisar,http://www.aku.edu.tr,assets/img/logo/100869.png,"Afyon Kocatepe Üniversitesi Rektörlüğü
ANS Kampusü Gazlıgöl Yolu Üzeri
AFYONKARAHİSAR"
AFYONKARAHİSAR SAĞLIK BİLİMLERİ ÜNİVERSİTESİ,Devlet,Afyonkarahisar,https://www.afsu.edu.tr,assets/img/logo/339999.png,"Zafer Sağlık Külliyesi
Dörtyol Mah. 2078.Sok No:3
AFYONKARAHİSAR"
AĞRI İBRAHİM ÇEÇEN ÜNİVERSİTESİ,Devlet,Ağrı,http://www.agri.edu.tr,assets/img/logo/101313.png,Erzurum yolu  4 km 04100 Merkez / AĞRI
AKDENİZ ÜNİVERSİTESİ,Devlet,Antalya,http://www.akdeniz.edu.tr,assets/img/logo/101458.png,Akdeniz Üniversitesi Kampüs Antalya
AKSARAY ÜNİVERSİTESİ,Devlet,Aksaray,https://www.aksaray.edu.tr,assets/img/logo/102005.png,Bahçesaray Mah.68100 AKSARAY
ALANYA ALAADDİN KEYKUBAT ÜNİVERSİTESİ,Devlet,Antalya,http://www.alanya.edu.tr/,assets/img/logo/274883.png,Kestel Mahallesi Üniversite Caddesi No:80 Alanya/ANTALYA
ALANYA ÜNİVERSİTESİ,Vakıf,Antalya,http://www.alanyauniversity.edu.tr,assets/img/logo/447835.png,"Cikcilli Beldesi, Saraybeleni Mahallesi, Saraybeleni Cad. No:7, PK 80 07400, Alanya, ANTALYA"
ALTINBAŞ ÜNİVERSİTESİ,Vakıf,İstanbul,http://www.altinbas.edu.tr/tr,assets/img/logo/326019.png,"Mahmutbey, Dİlmenler Cd. No. 26 Bağcılar, İstanbul"
AMASYA ÜNİVERSİTESİ,Devlet,Amasya,http://www.amasya.edu.tr,assets/img/logo/102198.png,Akbilek Mah. Hakimiyet cad. Milli Hakimiyet Yerleşkesi No:4/3 PK: 05100 Merkez/AMASYA
ANADOLU ÜNİVERSİTESİ,Devlet,Eskişehir,http://www.anadolu.edu.tr/,assets/img/logo/102261.png,"Anadolu Üniversitesi Yunus Emre Kampusü, 26470 Tepebaşı/ESKİŞEHİR"
ANKARA BİLİM ÜNİVERSİTESİ,Vakıf,Ankara,https://www.ankarabilim.edu.tr,assets/img/logo/411762.png,Çamlıca Mah.Anadolu Bulv.No:16A/1 Yenimahalle Ankara
ANKARA HACI BAYRAM VELİ ÜNİVERSİTESİ,Devlet,Ankara,https://hacibayram.edu.tr,assets/img/logo/339985.png,Ankara Hacı Bayram Veli Üniversitesi Yüce Tepe Mahallesi 85.Cadde No.8 06570 Çankaya /ANKARA
ANKARA MEDİPOL ÜNİVERSİTESİ,Vakıf,Ankara,https://www.ankaramedipol.edu.tr,assets/img/logo/340001.png,"Hacı Bayram Mahallesi, Talatpaşa Blv. No:2 06050 Altındağ/Ankara"
ANKARA MÜZİK VE GÜZEL SANATLAR ÜNİVERSİTESİ,Devlet,Ankara,http://www.mgu.edu.tr,assets/img/logo/324993.png,Yukarı Dikmen Mah. Turan Güneş Bul. Neşet Ertaş Cad. No:4 Oran Ankara
ANKARA SOSYAL BİLİMLER ÜNİVERSİTESİ,Devlet,Ankara,http://www.asbu.edu.tr/,assets/img/logo/232846.png,Hükümet Meydanı No: 2 Ulus/ANKARA
ANKARA ÜNİVERSİTESİ,Devlet,Ankara,http://www.ankara.edu.tr,assets/img/logo/102738.png,Ankara Üniversitesi Rektörlüğü Tandoğan/ANKARA
ANKARA YILDIRIM BEYAZIT ÜNİVERSİTESİ,Devlet,Ankara,https://www.aybu.edu.tr,assets/img/logo/311737.png,Ankara Yıldırım Beyazıt Üniversitesi Esenboğa Külliyesi Dumlupınar Mahallesi Çubuk/Ankara
ANTALYA BELEK ÜNİVERSİTESİ,Vakıf,Antalya,https://www.belek.edu.tr,assets/img/logo/447662.png,Kadriye Mah Celal Bayar CAd No:5-6 Serik-Antalya 07525
ANTALYA BİLİM ÜNİVERSİTESİ,Vakıf,Antalya,http://www.antalya.edu.tr/,assets/img/logo/327022.png,Çıplaklı Mah. Akdeniz Bulvarı No:290/A Döşemealtı / ANTALYA
ARDAHAN ÜNİVERSİTESİ,Devlet,Ardahan,http://www.ardahan.edu.tr,assets/img/logo/103400.png,"Ardahan Üniversitesi Yenisey Kampüsü, Rektörlük Hizmet Binası, Çamlıçatak Mevkii, 75000, Merkez/Ardahan"
ARTVİN ÇORUH ÜNİVERSİTESİ,Devlet,Artvin,http://www.artvin.edu.tr,assets/img/logo/103443.png,Artvin Çoruh Üniversitesi Rektörlüğü Fidanlık Mah.Kapı Nu.110 08000 Seyitler Yerleşkesi-ARTVİN
ATAŞEHİR ADIGÜZEL MESLEK YÜKSEKOKULU,Vakıf,İstanbul,http://www.adiguzel.edu.tr/,assets/img/logo/255896.png,Yenişehir Mahallesi Barajyolu Caddesi Çağlayan Sokak No:18 Ataşehir / İstanbul
ATATÜRK ÜNİVERSİTESİ,Devlet,Erzurum,http://www.atauni.edu.tr,assets/img/logo/103545.png,Atatürk Üniversitesi Rektörlüğü Yakutiye/Erzurum
ATILIM ÜNİVERSİTESİ,Vakıf,Ankara,https://www.atilim.edu.tr,assets/img/logo/104090.png,Atılım Üniversitesi Kızılcaşar Mah. İncek Kampüsü Gölbaşı/İncek/ANKARA
AVRASYA ÜNİVERSİTESİ,Vakıf,Trabzon,http://www.avrasya.edu.tr,assets/img/logo/205351.png,"Avrasya Üniversitesi Rektörlüğü
Adnan Kahvesi Mah. Rize Caddesi
Pelitli/TRABZON"
AYDIN ADNAN MENDERES ÜNİVERSİTESİ,Devlet,Aydın,http://www.adu.edu.tr,assets/img/logo/364158.png,AYTEPE MEVKİ AYDIN
BAHÇEŞEHİR ÜNİVERSİTESİ,Vakıf,İstanbul,http://www.bahcesehir.edu.tr,assets/img/logo/104140.png,"Çırağan Caddesi Osmanpaşa Mektebi Sokak No: 4-6 3453 Beşiktaş, İSTANBUL / TÜRKİYE"
BALIKESİR ÜNİVERSİTESİ,Devlet,Balıkesir,http://www.balikesir.edu.tr,assets/img/logo/104213.png,"Balıkesir Üniversitesi Çağış Yerleşkesi (Bigadiç yolu üzeri 17. km) 10145, BALIKESİR"
BANDIRMA ONYEDİ EYLÜL ÜNİVERSİTESİ,Devlet,Balıkesir,http://www.bandirma.edu.tr,assets/img/logo/274881.png,Yeni Mh. Şehit Astsubay Mustafa Soner Varlık Cd. No:77 Bandırma/BALIKESİR
BARTIN ÜNİVERSİTESİ,Devlet,Bartın,http://www.bartin.edu.tr/,assets/img/logo/104578.png,Bartın Üniversitesi Rektörlüğü Merkez/BARTIN
BAŞKENT ÜNİVERSİTESİ,Vakıf,Ankara,http://www.baskent.edu.tr,assets/img/logo/104628.png,"Bağlıca Kampüsü Fatih Sultan Mahallesi
Eskişehir Yolu 18.km TR 06790
Etimesgut Ankara"
BATMAN ÜNİVERSİTESİ,Devlet,Batman,http://www.batman.edu.tr,assets/img/logo/104803.png,"Batı Raman 72100 Batman, Türkiye"
BAYBURT ÜNİVERSİTESİ,Devlet,Bayburt,https://bayburt.edu.tr,assets/img/logo/104922.png,Dede Korkut Külliyesi 69000 / BAYBURT
BEYKOZ ÜNİVERSİTESİ,Vakıf,İstanbul,https://www.beykoz.edu.tr,assets/img/logo/306383.png,Kavacık Mahallesi Orhan Veli Kanık Caddesi No:114 Kavacık Beykoz İstanbul
BEZM-İ ÂLEM VAKIF ÜNİVERSİTESİ,Vakıf,İstanbul,http://www.bezmialem.edu.tr/,assets/img/logo/163894.png,Adnan Menderes Bulvarı Vatan Cad. 34093 Fatih/İSTANBUL
BİLECİK ŞEYH EDEBALİ ÜNİVERSİTESİ,Devlet,Bilecik,http://www.bilecik.edu.tr/,assets/img/logo/105024.png,Bilecik Şeyh Edebali Üniversitesi Rektörlüğü 11210 Merkez Bilecik
BİNGÖL ÜNİVERSİTESİ,Devlet,Bingöl,http://www.bingol.edu.tr,assets/img/logo/105196.png,Selahaddin-i Eyyübi Mah. Üniversite Cad. No:1 BİNGÖL
BİRUNİ ÜNİVERSİTESİ,Vakıf,İstanbul,http://www.biruni.edu.tr/,assets/img/logo/251241.png,"10. Yıl Caddesi Protokol Yolu No: 45 (Eski Kozlu Mezarlığı altı, Silivrikapı ve Belgratkapı İett durakları arası) 34010 Topkapı İstanbul"
BİTLİS EREN ÜNİVERSİTESİ,Devlet,Bitlis,https://www.beu.edu.tr,assets/img/logo/105248.png,Rahva Yerleşkesi Beş Minare Mah. Ahmet Eren Bulvarı 13100 Merkez / Bitlis
BOĞAZİÇİ ÜNİVERSİTESİ,Devlet,İstanbul,http://www.boun.edu.tr,assets/img/logo/105322.png,"Boğaziçi Üniversitesi 
34342 Bebek/Istanbul Türkiye"
BOLU ABANT İZZET BAYSAL ÜNİVERSİTESİ,Devlet,Bolu,http://www.ibu.edu.tr/,assets/img/logo/341799.png,Abant İzzet Baysal Üniversitesi Gölköy Kampüsü 14280 BOLU
BURDUR MEHMET AKİF ERSOY ÜNİVERSİTESİ,Devlet,Burdur,http://www.mehmetakif.edu.tr,assets/img/logo/355074.png,İstiklal Yerleşkesi BURDUR
BURSA TEKNİK ÜNİVERSİTESİ,Devlet,Bursa,http://btu.edu.tr/,assets/img/logo/173494.png,Mimar Sinan Mahallesi Mimar Sinan Bulvarı Eflak Caddesi No:177 16310 Yıldırım/BURSA
BURSA ULUDAĞ ÜNİVERSİTESİ,Devlet,Bursa,http://www.uludag.edu.tr/,assets/img/logo/362386.png,Görükle Kampusu 16059 Nilüfer/BURSA
ÇAĞ ÜNİVERSİTESİ,Vakıf,Mersin,http://www.cag.edu.tr/,assets/img/logo/106499.png,Adana-Mersin D 400 Karayolu Üzeri 33800 Yenice-Tarsus/MERSİN
ÇANAKKALE ONSEKİZ MART ÜNİVERSİTESİ,Devlet,Çanakkale,https://www.comu.edu.tr,assets/img/logo/106545.png,"Çanakkale Onsekiz Mart Üniversitesi, Terzioğlu Kampüsü, Rektörlük Binası , A Blok  Merkez/ÇANAKKALE"
ÇANKAYA ÜNİVERSİTESİ,Vakıf,Ankara,http://www.cankaya.edu.tr/,assets/img/logo/107012.png,"Çankaya Üniversitesi  Merkez Kampüs : Eskişehir Yolu 29. Km Yukarıyurtçu Mahallesi, Mimar Sinan Caddesi No:4, 06790, Etimesgut / ANKARA"
ÇANKIRI KARATEKİN ÜNİVERSİTESİ,Devlet,Çankırı,https://www.karatekin.edu.tr,assets/img/logo/107056.png,Uluyazı Kampüsü Binası / Çankırı
ÇUKUROVA ÜNİVERSİTESİ,Devlet,Adana,https://www.cu.edu.tr,assets/img/logo/107211.png,"Çukurova Üniversitesi Rektörlüğü 01330 Balcalı, Sarıçam / ADANA"
DEMİROĞLU BİLİM ÜNİVERSİTESİ,Vakıf,İstanbul,http://www.demiroglu.bilim.edu.tr,assets/img/logo/384591.png,Büyükdere Cad. No:120 Esentepe-Şişli İSTANBUL
DİCLE ÜNİVERSİTESİ,Devlet,Diyarbakır,https://www.dicle.edu.tr,assets/img/logo/107723.png,21280 Kıtılbil Mahallesi Sur / Diyarbakır
DOĞUŞ ÜNİVERSİTESİ,Vakıf,İstanbul,http://www.dogus.edu.tr,assets/img/logo/108112.png,Doğuş Üniversitesi Zeamet sk. 34722 Kadıköy/İstanbul
DOKUZ EYLÜL ÜNİVERSİTESİ,Devlet,İzmir,http://www.deu.edu.tr,assets/img/logo/108163.png,Cumhuriyet Bulvarı No:144 Alsancak 35210 Konak/İZMİR
DÜZCE ÜNİVERSİTESİ,Devlet,Düzce,http://www.duzce.edu.tr/,assets/img/logo/109110.png,Düzce Üniversitesi Rektörlüğü Genel Sekreterlik Beçi Kampüsü Merkez Düzce
EGE ÜNİVERSİTESİ,Devlet,İzmir,http://www.ege.edu.tr,assets/img/logo/109290.png,Ege Üniversitesi Rektörlüğü Gençlik Caddesi No:12 PK.35040 Bornova / İzmir
ERCİYES ÜNİVERSİTESİ,Devlet,Kayseri,http://www.erciyes.edu.tr,assets/img/logo/109868.png,Talas Yolu Melikgazi 38039 KAYSERİ
ERZİNCAN BİNALİ YILDIRIM ÜNİVERSİTESİ,Devlet,Erzincan,http://www.erzincan.edu.tr,assets/img/logo/370189.png,Erzincan Binali Yıldırım Üniversitesi Rektörlüğü  Yalnızbağ Yerleşkesi- Erzincan/Merkez
ERZURUM TEKNİK ÜNİVERSİTESİ,Devlet,Erzurum,http://www.erzurum.edu.tr/,assets/img/logo/173495.png,ERZURUM TEKNİK ÜNİVERSİTESİ Ömer Nasuhi Bilmen Mah. Havaalanı Yolu Cad. No:53 YAKUTİYE/ERZURUM
ESKİŞEHİR OSMANGAZİ ÜNİVERSİTESİ,Devlet,Eskişehir,http://www.ogu.edu.tr,assets/img/logo/110538.png,Eskişehir Osmangazi Üniversitesi Meşelik Kampüsü Büyükdere Mahallesi Prof.Dr.Nabi AVCI Bulvarı No:4 26040 Eskişehir
ESKİŞEHİR TEKNİK ÜNİVERSİTESİ,Devlet,Eskişehir,https://www.eskisehir.edu.tr/,assets/img/logo/339997.png,"Eskişehir Teknik Üniversitesi 
İki Eylül Kampüsü 26555 Tepebaşı/ESKİŞEHİR"
FATİH SULTAN MEHMET VAKIF ÜNİVERSİTESİ,Vakıf,İstanbul,https://www.fsm.edu.tr,assets/img/logo/163897.png,Zeyrek Mah. Büyük karaman Cad. No:53 FATİH/ İSTANBUL
FENERBAHÇE ÜNİVERSİTESİ,Vakıf,İstanbul,https://www.fbu.edu.tr,assets/img/logo/310017.png,"Atatürk Mah. Ataşehir Bulvarı Ertuğrul Gazi Sk. Metropol İstanbul E Blok, 34758 Ataşehir-İstanbul"
FIRAT ÜNİVERSİTESİ,Devlet,Elazığ,http://www.firat.edu.tr/,assets/img/logo/110987.png,Fırat Üniversitesi Rektörlüğü 23119 ELAZIĞ
GALATASARAY ÜNİVERSİTESİ,Devlet,İstanbul,http://www.gsu.edu.tr,assets/img/logo/111395.png,Galatasaray Üniversitesi Çırağan Cad. No:36 34349 Ortaköy/İstanbul
GAZİ ÜNİVERSİTESİ,Devlet,Ankara,http://gazi.edu.tr/,assets/img/logo/133520.png,Gazi Üniversitesi Rektörlüğü 06500 Teknikokullar / Ankara
GAZİANTEP İSLAM BİLİM VE TEKNOLOJİ ÜNİVERSİTESİ,Devlet,Gaziantep,http://www.gibtu.edu.tr/,assets/img/logo/384577.png,Beştepe Mah. 192090 Nolu Cadde 6/1 27010 Şahinbey/Gaziantep
GAZİANTEP ÜNİVERSİTESİ,Devlet,Gaziantep,http://www.gantep.edu.tr,assets/img/logo/112080.png,GAZİANTEP ÜNİVERSİTESİ REKTÖRLÜĞÜ
GEBZE TEKNİK ÜNİVERSİTESİ,Devlet,Kocaeli,https://www.gtu.edu.tr,assets/img/logo/260621.png,Gebze Teknik Üniversitesi Rektörlüğü Cumhuriyet Mah. 2254 Sok. No:2 Gebze/KOCAELİ
GİRESUN ÜNİVERSİTESİ,Devlet,Giresun,http://www.giresun.edu.tr/,assets/img/logo/112836.png,Giresun Üniversitesi | Giresun
GÜMÜŞHANE ÜNİVERSİTESİ,Devlet,Gümüşhane,http://www.gumushane.edu.tr,assets/img/logo/113023.png,"Gümüşhane Üniversitesi Rektörlüğü
Bağlarbaşı Mh.
29000, Merkez/GÜMÜŞHANE"
HACETTEPE ÜNİVERSİTESİ,Devlet,Ankara,http://hacettepe.edu.tr,assets/img/logo/113082.png,Hacettepe Üniversitesi Rektörlüğü Sıhhıye/ANKARA
HAKKARİ ÜNİVERSİTESİ,Devlet,Hakkari,https://www.hakkari.edu.tr / www.hu.edu.tr,assets/img/logo/113681.png,Merzan Mah. Küçük Sanayi Sitesi arkası Merkez/HAKKARİ
HALİÇ ÜNİVERSİTESİ,Vakıf,İstanbul,https://www.halic.edu.tr,assets/img/logo/113699.png,"Sütlüce Mahallesi, İmrahor Caddesi, No:11, Beyoğlu, istanbul"
HARRAN ÜNİVERSİTESİ,Devlet,Şanlıurfa,http://www.harran.edu.tr/,assets/img/logo/113746.png,Harran Üniversitesi Rektörlüğü Osmanbey Kampüsü Şanlıurfa
HASAN KALYONCU ÜNİVERSİTESİ,Vakıf,Gaziantep,https://www.hku.edu.tr,assets/img/logo/138586.png,Yeşilkent Mah. Havalimanı Yolu üzeri 8.km Şahinbey/GAZİANTEP
HATAY MUSTAFA KEMAL ÜNİVERSİTESİ,Devlet,Hatay,http://www.mku.edu.tr,assets/img/logo/367208.png,Alahan Tayfur Sökmen Kampüsü Dış kapı no:35 Adres No:3330417886 Alahan/Antakya/Hatay
HİTİT ÜNİVERSİTESİ,Devlet,Çorum,http://www.hitit.edu.tr/,assets/img/logo/114218.png,Hitit Üniversitesi Kuzey Kampüsü Çevre Yolu Bulvarı PK:19030 ÇORUM
IĞDIR ÜNİVERSİTESİ,Devlet,Iğdır,http://www.igdir.edu.tr,assets/img/logo/114315.png,Şehit Bülent Yurtseven Kampüsü/ IĞDIR
ISPARTA UYGULAMALI BİLİMLER ÜNİVERSİTESİ,Devlet,Isparta,https://isparta.edu.tr/,assets/img/logo/339998.png,"Isparta uygulamalı Bilimler Üniversitesi Rektörlüğü, Bahçelievler Mah., 102. Cad., No:24, 32200, ISPARTA"
IŞIK ÜNİVERSİTESİ,Vakıf,İstanbul,http://www.isikun.edu.tr/,assets/img/logo/114385.png,"Işık Üniversitesi, Meşrutiyet Köyü, Üniversitesi Sok. No:2 ŞİLE/İSTANBUL"
İBN HALDUN ÜNİVERSİTESİ,Vakıf,İstanbul,https://www.ihu.edu.tr,assets/img/logo/274887.png,Başak Mah. Ordu Cad. F-05 Blok No:3 P.K. 34480 Başakşehir/İST.
İHSAN DOĞRAMACI BİLKENT ÜNİVERSİTESİ,Vakıf,Ankara,http://www.bilkent.edu.tr/,assets/img/logo/105118.png,Üniversiteler Mahallesi 1609 Sokak No:10 06800 Bilkent / Ankara
İNÖNÜ ÜNİVERSİTESİ,Devlet,Malatya,http://www.inonu.edu.tr/,assets/img/logo/114436.png,İnönü Üniversitesi Kampüsü Elazığ Yolu 15. Km. 44280 MALATYA
İSKENDERUN TEKNİK ÜNİVERSİTESİ,Devlet,Hatay,https://www.iste.edu.tr,assets/img/logo/274882.png,"İskenderun Teknik Üniversitesi Rektörlüğü Merkez Kampüs 31200 
İskenderun/HATAY"
İSTANBUL 29 MAYIS ÜNİVERSİTESİ,Vakıf,İstanbul,http://www.29mayis.edu.tr,assets/img/logo/163900.png,"Elmalıkent Mah. Elmalıkent Cad. No:4
Ümraniye / İSTANBUL"
İSTANBUL AREL ÜNİVERSİTESİ,Vakıf,İstanbul,http://www.arel.edu.tr,assets/img/logo/114773.png,İstanbul Arel Üniversitesi -Türkoba Mah. Erguvan Sokak No: 26/K Tepekent-B.Çekmece/İSTANBUL
İSTANBUL ATLAS ÜNİVERSİTESİ,Vakıf,İstanbul,https://www.atlas.edu.tr,assets/img/logo/339995.png,Hamidiye Mahallesi Anadolu Caddesi No:40/2 Kağıthane/İSTANBUL
İSTANBUL AYDIN ÜNİVERSİTESİ,Vakıf,İstanbul,http://www.aydin.edu.tr,assets/img/logo/114827.png,Florya Halit Aydın Kampüsü Beşyol Mah. İnönü Cad. No: 38 Sefaköy-Küçükçekmece/İSTANBUL
İSTANBUL BEYKENT ÜNİVERSİTESİ,Vakıf,İstanbul,https://www.beykent.edu.tr,assets/img/logo/448766.png,"Ayazağa Mahallesi, Hadım Koru Yolu Caddesi, No:19 Sarıyer/İSTANBUL"
İSTANBUL BİLGİ ÜNİVERSİTESİ,Vakıf,İstanbul,https://www.bilgi.edu.tr,assets/img/logo/114907.png,Eski Silahtarağa Elektrik Santralı Kazım Karabekir Cad. No: 2/13 34060 Eyüpsultan İstanbul
İSTANBUL ESENYURT ÜNİVERSİTESİ,Vakıf,İstanbul,http://www.esenyurt.edu.tr,assets/img/logo/241174.png,Zafer Mah. Adile Naşit Bulvarı No:1 Esenyurt-İSTANBUL
İSTANBUL GALATA ÜNİVERSİTESİ,Vakıf,İstanbul,https://www.galata.edu.tr,assets/img/logo/391144.png,Evliya Çelebi Mahallesi Meşrutiyet Caddesi No: 62 Tepebaşı/Beyoğlu/İstanbul
İSTANBUL GEDİK ÜNİVERSİTESİ,Vakıf,İstanbul,https://www.gedik.edu.tr,assets/img/logo/315098.png,Cumhuriyet Mahallesi İlkbahar Sokak No: 1 Yakacık 34876 Kartal İstanbul
İSTANBUL GELİŞİM ÜNİVERSİTESİ,Vakıf,İstanbul,https://www.gelisim.edu.tr,assets/img/logo/130959.png,Cihangir Mahallesi Şehit Jandarma Komando Er Hakan Öner Sk. No:1 Avcılar / İSTANBUL
İSTANBUL KENT ÜNİVERSİTESİ,Vakıf,İstanbul,https://www.kent.edu.tr,assets/img/logo/302687.png,Cihangir Mahallesi Sıraselviler Caddesi No:71 34433 Beyoğlu İSTANBUL
İSTANBUL KÜLTÜR ÜNİVERSİTESİ,Vakıf,İstanbul,https://www.iku.edu.tr,assets/img/logo/115022.png,"Ataköy Yerleşkesi, 34156 Bakırköy / İSTANBUL"
İSTANBUL MEDENİYET ÜNİVERSİTESİ,Devlet,İstanbul,http://www.medeniyet.edu.tr,assets/img/logo/173496.png,"Dumlupınar mahallesi, D-100 Karayolu No:98  Kadıköy / İstanbul"
İSTANBUL MEDİPOL ÜNİVERSİTESİ,Vakıf,İstanbul,https://www.medipol.edu.tr,assets/img/logo/163888.png,"Kavacık Mah.Ekinciler Cad.No:19, 34840 Beykoz-İstanbul"
İSTANBUL NİŞANTAŞI ÜNİVERSİTESİ,Vakıf,İstanbul,http://www.nisantasi.edu.tr,assets/img/logo/447904.png,"Maslak Mahallesi, Taşyoncası Sokak,
No: 1V ve No:1Y Bina Kodu: 34481742
Sarıyer/İstanbul"
İSTANBUL OKAN ÜNİVERSİTESİ,Vakıf,İstanbul,https://www.okan.edu.tr,assets/img/logo/360777.png,"Okan Üniversitesi Tuzla Kampüsü, 34959 Akfırat - Tuzla / İSTANBUL"
İSTANBUL RUMELİ ÜNİVERSİTESİ,Vakıf,İstanbul,https://www.rumeli.edu.tr,assets/img/logo/274886.png,"Yeni Mahalle Mah. Mehmet Silivrili Cad. No: 38/8 Posta Kodu 34570
SİLİVRİ-İSTANBUL"
İSTANBUL SABAHATTİN ZAİM ÜNİVERSİTESİ,Vakıf,İstanbul,http://www.izu.edu.tr/,assets/img/logo/163898.png,Halkalı Cad. No: 281 Halkalı - Küçükçekmece / İSTANBUL Posta Kodu: 34303
İSTANBUL SAĞLIK VE SOSYAL BİLİMLER MESLEK YÜKSEKOKULU,Vakıf,İstanbul,https://www.issb.edu.tr,assets/img/logo/432690.png,Cankurtaran Mahallesi Kennedy Caddesi No:2 Ahırkapı Feneri Yanı Fatih İSTANBUL
İSTANBUL SAĞLIK VE TEKNOLOJİ ÜNİVERSİTESİ,Vakıf,İstanbul,https://www.istun.edu.tr,assets/img/logo/410560.png,"Sütlüce Kampüsü
Sütlüce Mah. İmrahor Cad. No: 82
Beyoğlu – İstanbul"
İSTANBUL ŞİŞLİ MESLEK YÜKSEKOKULU,Vakıf,İstanbul,https://www.sisli.edu.tr,assets/img/logo/220121.png,Maslak Mah. Atatürk Oto Sanayi Sitesi 55. Sok. No:2 Sarıyer/ İSTANBUL
İSTANBUL TEKNİK ÜNİVERSİTESİ,Devlet,İstanbul,http://www.itu.edu.tr,assets/img/logo/115069.png,İTÜ Ayazağa Yerleşkesi yeni Rektörlük Binası Kat:2 MASLAK-SARIYER-İSTANBUL
İSTANBUL TİCARET ÜNİVERSİTESİ,Vakıf,İstanbul,http://www.ticaret.edu.tr,assets/img/logo/115335.png,"Örnektepe Mahallesi, İmrahor Caddesi No: 88/2 34445 Beyoğlu / İSTANBUL"
İSTANBUL TOPKAPI ÜNİVERSİTESİ,Vakıf,İstanbul,https://www.topkapi.edu.tr,assets/img/logo/440213.png,Prof.Muammer Aksoy Cd. No: 10 Kazlıçeşme / İSTANBUL
İSTANBUL ÜNİVERSİTESİ,Devlet,İstanbul,http://www.istanbul.edu.tr,assets/img/logo/115373.png,"İSTANBUL ÜNİVERSİTESİ REKTÖRLÜK
İSTANBUL UNIVERSITY RECTORATE
İstanbul Üniversitesi, Beyazıt Yerleşkesi
34452 Beyazıt, İstanbul – Türkiye"
İSTANBUL ÜNİVERSİTESİ-CERRAHPAŞA,Devlet,İstanbul,https://iuc.edu.tr,assets/img/logo/339984.png,İstanbul Üniversitesi-Cerrahpaşa Rektörlüğü 34320 Avcılar/İstanbul
İSTANBUL YENİ YÜZYIL ÜNİVERSİTESİ,Vakıf,İstanbul,https://www.yeniyuzyil.edu.tr,assets/img/logo/315415.png,"T.C. İstanbul Yeni Yüzyıl Üniversitesi
Topkapı Dr. Azmi  Ofluoğlu Yerleşkesi
Maltepe Mahallesi, Yılanlı Ayazma Caddesi No:26, 34010 Cevizlibağ- Zeytinburnu / İSTANBUL"
İSTİNYE ÜNİVERSİTESİ,Vakıf,İstanbul,https://www.istinye.edu.tr,assets/img/logo/274888.png,"İstinye Üniversitesi Topkapı Kampüsü, Maltepe Mah., Teyyareci Sami Sokak, No.3 Zeytinburnu, İstanbul, 34010"
İZMİR BAKIRÇAY ÜNİVERSİTESİ,Devlet,İzmir,https://bakircay.edu.tr,assets/img/logo/302686.png,Seyrek Kampüsü/ Gazi Mustafa Kemal Mah.Kaynaklar Cad./ Seyrek/Menemen/İZMİR
İZMİR DEMOKRASİ ÜNİVERSİTESİ,Devlet,İzmir,http://www.idu.edu.tr,assets/img/logo/302685.png,"Üçkuyular Mahallesi, Gürsel Aksel Bulvarı, No:14 35140 Karabağlar/İZMİR"
İZMİR EKONOMİ ÜNİVERSİTESİ,Vakıf,İzmir,https://www.ieu.edu.tr,assets/img/logo/116147.png,SAKARYA CAD. NO:156 BALÇOVA/İZMİR
İZMİR KATİP ÇELEBİ ÜNİVERSİTESİ,Devlet,İzmir,http://www.ikc.edu.tr/,assets/img/logo/173498.png,"İzmir Kâtip Çelebi Üniversitesi Çiğli Ana Yerleşkesi
35620 İZMİR"
İZMİR KAVRAM MESLEK YÜKSEKOKULU,Vakıf,İzmir,https://www.kavram.edu.tr,assets/img/logo/334490.png,Oğuzlar Mah. 1251/2 Sok. No:8 Konak/İzmir
İZMİR TINAZTEPE ÜNİVERSİTESİ,Vakıf,İzmir,https://www.tinaztepe.edu.tr,assets/img/logo/339996.png,"Aydoğdu Mahallesi, 1267/1 Sk., No.4 35400 Buca/İzmir"
İZMİR YÜKSEK TEKNOLOJİ ENSTİTÜSÜ,Devlet,İzmir,http://www.iyte.edu.tr/,assets/img/logo/116207.png,İzmir Yüksek Teknoloji Enstitüsü Gülbahçe Kampüsü Urla/İZMİR
KADİR HAS ÜNİVERSİTESİ,Vakıf,İstanbul,http://www.khas.edu.tr,assets/img/logo/116281.png,"Kadir Has Üniversitesi, Kadir Has Caddesi,
Cibali / İSTANBUL 34083"
KAFKAS ÜNİVERSİTESİ,Devlet,Kars,http://www.kafkas.edu.tr,assets/img/logo/116345.png,Kafkas Üniversitesi Şehitler Mh. Turan Çelik Cd. Kombina Yolu Üzeri Merkez/KARS
KAHRAMANMARAŞ İSTİKLAL ÜNİVERSİTESİ,Devlet,Kahramanmaraş,https://www.istiklal.edu.tr,assets/img/logo/339994.png,"Kahramanmaraş İstiklal Üniversitesi Rektörlüğü, Menderes Mah. Cumhuriyet Bulvarı 46036 Sokak No:7 46060 Dulkadiroğlu/Kahramanmaraş"
KAHRAMANMARAŞ SÜTÇÜ İMAM ÜNİVERSİTESİ,Devlet,Kahramanmaraş,https://www.ksu.edu.tr,assets/img/logo/116608.png,"Kahramanmaraş Sütçü İmam Üniversitesi Rektörlüğü,  Avşar Mah. Batı Çevreyolu Blv.  No: 251/A 46040 - Onikişubat/Kahramanmaraş"
KAPADOKYA ÜNİVERSİTESİ,Vakıf,Nevşehir,https://www.kapadokya.edu.tr,assets/img/logo/325756.png,Üniversite Meydanı No:2 Mustafapaşa Ürgüp/Nevşehir
KARABÜK ÜNİVERSİTESİ,Devlet,Karabük,http://www.karabuk.edu.tr/,assets/img/logo/116950.png,Karabük Üniversitesi Demir Çelik Kampüsü Balıklar Kaya Mevkii
KARADENİZ TEKNİK ÜNİVERSİTESİ,Devlet,Trabzon,http://www.ktu.edu.tr,assets/img/logo/117127.png,"Karadeniz Teknik Üniversitesi
61080 - Trabzon"
KARAMANOĞLU MEHMETBEY ÜNİVERSİTESİ,Devlet,Karaman,http://www.kmu.edu.tr,assets/img/logo/117553.png,"Karamanoğlu Mehmetbey Üniversitesi, Yunus Emre Yerleşkesi, 70100 KARAMAN / TÜRKİYE"
KASTAMONU ÜNİVERSİTESİ,Devlet,Kastamonu,http://www.kastamonu.edu.tr/index.php/tr/,assets/img/logo/117673.png,Kastamonu Üniversitesi Rektörlüğü Kuzeykent Kampüsü Merkez/KASTAMONU
KAYSERİ ÜNİVERSİTESİ,Devlet,Kayseri,http://www.kayseri.edu.tr,assets/img/logo/339993.png,Mevlana Mah. 15 Temmuz Yerleşkesi Kümeevler Talas/KAYSERİ
KIRIKKALE ÜNİVERSİTESİ,Devlet,Kırıkkale,http://kku.edu.tr,assets/img/logo/117803.png,Kırıkkale Üniversitesi Ankara Yolu 7. Km 71450 Yahşihan/Kırıkkale
KIRKLARELİ ÜNİVERSİTESİ,Devlet,Kırklareli,http://www.klu.edu.tr/,assets/img/logo/118122.png,"Cumhuriyet Mahallesi Kofcaz Yolu
Kayalı Yerleşkesi Merkez-Kırklareli"
KIRŞEHİR AHİ EVRAN ÜNİVERSİTESİ,Devlet,Kırşehir,https://www.ahievran.edu.tr,assets/img/logo/354265.png,Bağbaşı Mah. Sahir Kurutluoğlu Cad. No: 100 Merkez/KIRŞEHİR
KİLİS 7 ARALIK ÜNİVERSİTESİ,Devlet,Kilis,https://www.kilis.edu.tr,assets/img/logo/118186.png,Mehmet Sanlı Mah. Doğan Güreş Paşa Bulvarı No.134 Merlez/KİLİS
KOCAELİ SAĞLIK VE TEKNOLOJİ ÜNİVERSİTESİ,Vakıf,Kocaeli,https://www.kocaelisaglik.edu.tr,assets/img/logo/411763.png,Yeniköy Merkez Mh. Ilıca Cd. No:29 Başiskele/KOCAELİ
KOCAELİ ÜNİVERSİTESİ,Devlet,Kocaeli,http://www.kocaeli.edu.tr/,assets/img/logo/118239.png,Umuttepe Merkez Yerleşkesi 41380 İzmit/KOCAELİ
KOÇ ÜNİVERSİTESİ,Vakıf,İstanbul,http://www.ku.edu.tr,assets/img/logo/118853.png,"Koç Üniversitesi, Rumelifeneri Yolu, 34450, SARIYER, ISTANBUL"
KONYA GIDA VE TARIM ÜNİVERSİTESİ,Vakıf,Konya,http://www.gidatarim.edu.tr/,assets/img/logo/241176.png,Melikşah Mah. Beyşehir Cad. No:9 42080 Meram / KONYA
KONYA TEKNİK ÜNİVERSİTESİ,Devlet,Konya,http://www.ktun.edu.tr/,assets/img/logo/339979.png,Akademi Mah. Yeni İstanbul Cad. No:235/1 Selçuklu/KONYA
KTO KARATAY ÜNİVERSİTESİ,Vakıf,Konya,http://www.karatay.edu.tr,assets/img/logo/166433.png,KTO Karatay Üniversitesi Rektörlüğü Akabe Mah. Alaaddin Kap Cad. No: 130 Karatay/KONYA
KÜTAHYA DUMLUPINAR ÜNİVERSİTESİ,Devlet,Kütahya,http://dpu.edu.tr,assets/img/logo/351149.png,Kütahya Dumlupınar Üniversitesi Evliya Çelebi Yerleşkesi Tavşanlı Yolu 10. km.     KÜTAHYA
KÜTAHYA SAĞLIK BİLİMLERİ ÜNİVERSİTESİ,Devlet,Kütahya,http://www.ksbu.edu.tr/,assets/img/logo/339982.png,Alipaşa Mahallesi Fatih Sultan Mehmet Bulvarı No./22 Kütahya Merkez
LOKMAN HEKİM ÜNİVERSİTESİ,Vakıf,Ankara,https://www.lokmanhekim.edu.tr,assets/img/logo/332474.png,Söğütözü Mah. 2179. Cad. No:6 Çankaya Ankara
MALATYA TURGUT ÖZAL ÜNİVERSİTESİ,Devlet,Malatya,https://www.ozal.edu.tr,assets/img/logo/339983.png,Alacakapı Mahallesi Kırkgöz Caddesi No:70 P.K. 44210 Battalgazi / MALATYA
MALTEPE ÜNİVERSİTESİ,Vakıf,İstanbul,http://www.maltepe.edu.tr/,assets/img/logo/118883.png,Maltepe Üniversitesi Marmara Eğitim Köyü PK:34857 MALTEPE İSTANBUL
MANİSA CELÂL BAYAR ÜNİVERSİTESİ,Devlet,Manisa,https://www.cbu.edu.tr,assets/img/logo/315839.png,Şehit Prof. Dr. İlhan Varank Kampüsü 45140 - Yunusemre - MANİSA
MARDİN ARTUKLU ÜNİVERSİTESİ,Devlet,Mardin,http://www.artuklu.edu.tr/,assets/img/logo/118994.png,"Mardin Artuklu Üniversitesi Yenişehir Yerleşkesi, Diyarbakır Yolu
Yenişehir Mardin"
MARMARA ÜNİVERSİTESİ,Devlet,İstanbul,http://www.marmara.edu.tr,assets/img/logo/119094.png,M.Ü.Göztepe Kampüsü Rektörlük Binası 34722 Kadıköy / İSTANBUL
MEF ÜNİVERSİTESİ,Vakıf,İstanbul,http://www.mef.edu.tr,assets/img/logo/215913.png,"Ayazağa Cad. No.4 34396
Maslak - Sarıyer - İstanbul"
MERSİN ÜNİVERSİTESİ,Devlet,Mersin,http://www.mersin.edu.tr/idari/genel-sekreterlik,assets/img/logo/119917.png,Mersin Üniversitesi Çiftlikköy Kampusu Rektörlük Binası 33343 Yenişehir/MERSİN
MİMAR SİNAN GÜZEL SANATLAR ÜNİVERSİTESİ,Devlet,İstanbul,https://www.msgsu.edu.tr,assets/img/logo/120301.png,"Meclis-i Mebusan Caddesi No: 24
Fındıklı 34427 İstanbul"
MUDANYA ÜNİVERSİTESİ,Vakıf,Bursa,https://mudanya.edu.tr,assets/img/logo/442563.png,Çağrışan Mah. 2029 Sk. No:2 16265 Mudanya/Bursa
MUĞLA SITKI KOÇMAN ÜNİVERSİTESİ,Devlet,Muğla,http://www.mu.edu.tr/,assets/img/logo/120444.png,Muğla Sıtkı Koçman Üniversitesi Rektörlüğü 48000 Menteşe/MUĞLA
MUNZUR ÜNİVERSİTESİ,Devlet,Tunceli,https://www.munzur.edu.tr,assets/img/logo/307919.png,Aktuluk Mahallesi Üniversite Yerleşkesi Merkez/TUNCELİ
MUŞ ALPARSLAN ÜNİVERSİTESİ,Devlet,Muş,https://www.alparslan.edu.tr,assets/img/logo/121164.png,"Muş Alparslan Üniversitesi Kampusu, Rektörlük, Diyarbakır Yolu 7. km 49250- MUŞ"
NECMETTİN ERBAKAN ÜNİVERSİTESİ,Devlet,Konya,http://www.erbakan.edu.tr,assets/img/logo/173500.png,Yaka Mah. Yeni Meram Cad. Kasım Halife Sok. No: 11 (A Blok) Posta Kodu: 42090 Meram / KONYA
NEVŞEHİR HACI BEKTAŞ VELİ ÜNİVERSİTESİ,Devlet,Nevşehir,http://www.nevsehir.edu.tr/,assets/img/logo/246224.png,"Nevşehir Hacı Bektaş Veli Üniversitesi Rektörlüğü 
2000 Evler Mahallesi Zübeyde Hanım Cad. 50300
NEVŞEHİR"
NİĞDE ÖMER HALİSDEMİR ÜNİVERSİTESİ,Devlet,Niğde,http://www.ohu.edu.tr/,assets/img/logo/306556.png,Niğde Ömer Halisdemir Üniversitesi Rektörlüğü Rektörlük Binası 2. Kat Merkez Yerleşke Bor Yolu Üzeri 51240 Merkez/NİĞDE
NUH NACİ YAZGAN ÜNİVERSİTESİ,Vakıf,Kayseri,http://www.nny.edu.tr,assets/img/logo/163891.png,Erkilet Dere Mah. Kuzey Çevreyolu Nuh Naci Yazgan Üniversitesi Kocasinan/Kayseri
ONDOKUZ MAYIS ÜNİVERSİTESİ,Devlet,Samsun,http://www.omu.edu.tr/,assets/img/logo/121946.png,"Ondokuz Mayıs Üniversitesi Rektörlük Binası 
Kurupelit Kampüsü, 55139 Atakum / SAMSUN"
ORDU ÜNİVERSİTESİ,Devlet,Ordu,http://www.odu.edu.tr,assets/img/logo/122395.png,Cumhuriyet Yerleşkesi 52200 Altınordu/ORDU
ORTA DOĞU TEKNİK ÜNİVERSİTESİ,Devlet,Ankara,http://www.metu.edu.tr,assets/img/logo/122571.png,Orta Doğu Teknik Üniversitesi Üniversiteler Mah.Dumlupınar Blv.No:1 06800 Çankaya Ankara/TÜRKİYE
OSMANİYE KORKUT ATA ÜNİVERSİTESİ,Devlet,Osmaniye,http://www.osmaniye.edu.tr,assets/img/logo/122735.png,"Karacaoğlan Yerleşkesi 80000
Merkez/OSMANİYE"
OSTİM TEKNİK ÜNİVERSİTESİ,Vakıf,Ankara,https://www.ostimteknik.edu.tr,assets/img/logo/324992.png,"OSTİM Teknik Üniversitesi OSTİM, 06374 Ankara"
ÖZYEĞİN ÜNİVERSİTESİ,Vakıf,İstanbul,https://www.ozyegin.edu.tr,assets/img/logo/122827.png,Nişantepe Mah. Orman Sok. No:34-36 Çekmeköy-İstanbul
PAMUKKALE ÜNİVERSİTESİ,Devlet,Denizli,http://www.pau.edu.tr,assets/img/logo/122831.png,Pamukkale Üniversitesi Rektörlüğü Kınıklı Yerleşkesi 20070 DENİZLİ
PİRİ REİS ÜNİVERSİTESİ,Vakıf,İstanbul,http://www.pirireis.edu.tr,assets/img/logo/136233.png,"Postane Mahallesi, Eflatun Sk. No:8, 34940 Tuzla/İSTANBUL"
RECEP TAYYİP ERDOĞAN ÜNİVERSİTESİ,Devlet,Rize,https://erdogan.edu.tr,assets/img/logo/123221.png,"Recep Tayyip Erdoğan Üniversitesi Zihni Derin Yerleşkesi, Fener Mah. 53100 RİZE"
SABANCI ÜNİVERSİTESİ,Vakıf,İstanbul,http://www.sabanciuniv.edu,assets/img/logo/123400.png,Sabancı Üniversite Orta Mah. Üniversite Caddesi No:27 34956 Orhanlı Tuzla İstanbu
SAĞLIK BİLİMLERİ ÜNİVERSİTESİ,Devlet,İstanbul,http://www.sbu.edu.tr,assets/img/logo/270121.png,"Mekteb-i Tıbbiye-i Şahane (Haydarpaşa) Külliyesi, Selimiye Mah. Tıbbiye Cad. No:38 34668 ÜSKÜDAR/İSTANBUL"
SAKARYA UYGULAMALI BİLİMLER ÜNİVERSİTESİ,Devlet,Sakarya,https://www.subu.edu.tr,assets/img/logo/339988.png,Sakarya uygulamalı bilimler üniversitesi Esentepe Kampüsü Serdivan /Sakarya
SAKARYA ÜNİVERSİTESİ,Devlet,Sakarya,http://www.sakarya.edu.tr,assets/img/logo/123409.png,Sakarya Üniversitesi Esentepe Kampüsü 54187 Serdivan / SAKARYA
SAMSUN ÜNİVERSİTESİ,Devlet,Samsun,https://www.samsun.edu.tr,assets/img/logo/339989.png,Gürgenyatak Mahallesi Canik/SAMSUN
SANKO ÜNİVERSİTESİ,Vakıf,Gaziantep,http://www.sanko.edu.tr,assets/img/logo/241177.png,"İncilipınar Mah. Gazi Muhtar Paşa Bulv.                                               
No:36 27090 Şehitkamil/ GAZİANTEP"
SELÇUK ÜNİVERSİTESİ,Devlet,Konya,http://www.selcuk.edu.tr/,assets/img/logo/123902.png,"Alaaddin Keykubat Kampüsü, Akademi Mahallesi, Yeni İstanbul Caddesi No:369/1 42130
Selçuklu-KONYA"
SİİRT ÜNİVERSİTESİ,Devlet,Siirt,http://siirt.edu.tr,assets/img/logo/124703.png,Kezer Yerleşkesi Veysel Karani Mah. Üniversite Cad. No:1 56100 Merkez/SİİRT
SİNOP ÜNİVERSİTESİ,Devlet,Sinop,http://www.sinop.edu.tr ,assets/img/logo/124805.png,Korucuk Köyü Trafo Mahallesi No:36  57000 ? SİNOP
SİVAS BİLİM VE TEKNOLOJİ ÜNİVERSİTESİ,Devlet,Sivas,http://www.sivas.edu.tr/,assets/img/logo/339990.png,Gültepe Mahallesi Mecnun Otyakmaz Caddesi No:1 Merkez/Sivas
SİVAS CUMHURİYET ÜNİVERSİTESİ,Devlet,Sivas,http://www.cumhuriyet.edu.tr,assets/img/logo/344737.png,"Cumhuriyet Üniversitesi, Yenişehşr Mah. Kayseri Caddesi 58140 Kampüs SİVAS"
SÜLEYMAN DEMİREL ÜNİVERSİTESİ,Devlet,Isparta,http://www.sdu.edu.tr/,assets/img/logo/124902.png,Süleyman Demirel Üniversitesi Batı Yerleşkesi Rektörlük Binası 32260  Çünür / ISPARTA
ŞIRNAK ÜNİVERSİTESİ,Devlet,Şırnak,http://www.sirnak.edu.tr,assets/img/logo/125536.png,"Yeni Mahalle Cizre Caddesi Mehmet Emin Acar Kampüsü
73000 Şırnak - Türkiye"
TARSUS ÜNİVERSİTESİ,Devlet,Mersin,https://www.tarsus.edu.tr,assets/img/logo/339991.png,Takbaş  Mah. Kartaltepe sokak 33400 Tarsus / MERSİN
TED ÜNİVERSİTESİ,Vakıf,Ankara,http://www.tedu.edu.tr,assets/img/logo/163892.png,"TED Üniversitesi, Ziya Gökalp Caddesi No.48 06420, Kolej Çankaya ANKARA"
TEKİRDAĞ NAMIK KEMAL ÜNİVERSİTESİ,Devlet,Tekirdağ,http://www.nku.edu.tr,assets/img/logo/356278.png,Namık Kemal Mah. Kampüs Cad. No:1 Merkez-TEKİRDAĞ
TOBB EKONOMİ VE TEKNOLOJİ ÜNİVERSİTESİ,Vakıf,Ankara,https://www.etu.edu.tr,assets/img/logo/125552.png,SÖĞÜTÖZÜ CADDESİ NO:43 ÇANKAYA/ANKARA
TOKAT GAZİOSMANPAŞA ÜNİVERSİTESİ,Devlet,Tokat,https://www.gop.edu.tr,assets/img/logo/367245.png,Gaziosmanpaşa Üniversitesi Rektörlüğü Taşlıçiftlik Yerleşkesi TOKAT
TOROS ÜNİVERSİTESİ,Vakıf,Mersin,https://www.toros.edu.tr,assets/img/logo/163889.png,Bahçelievler Kampüsü 1857 Sokak No:12 33140 Yenişehir MERSİN
TRABZON ÜNİVERSİTESİ,Devlet,Trabzon,https://www.trabzon.edu.tr,assets/img/logo/339992.png,"TRABZON ÜNİVERSİTESİ REKTÖRLÜĞÜ
Söğütlü Mahallesi
Adnan Kahveci Bulvarı
61335 – Akçaabat-Trabzon / TÜRKİYE"
TRAKYA ÜNİVERSİTESİ,Devlet,Edirne,http://www.trakya.edu.tr/,assets/img/logo/125577.png,Trakya Üniversitesi Rektörlüğü 22030 Balkan Yerleşkesi / EDİRNE
TÜRK HAVA KURUMU ÜNİVERSİTESİ,Vakıf,Ankara,http://www.thk.edu.tr,assets/img/logo/203267.png,Bahçekapı Mahallesi Okul Sokak No:11 Etimesgut / ANKARA
TÜRK-ALMAN ÜNİVERSİTESİ,Devlet,İstanbul,http://www.tau.edu.tr/,assets/img/logo/201784.png,Şahinkaya Cad. No: 86 Beykoz/İSTANBUL
UFUK ÜNİVERSİTESİ,Vakıf,Ankara,http://www.ufuk.edu.tr,assets/img/logo/125968.png,Ufuk Üniversitesi Rektörlüğü  Kızılcaşar Mahallesi İncek Bulvarı 06836 İncek/Gölbaşı/ANKARA
UŞAK ÜNİVERSİTESİ,Devlet,Uşak,http://www.usak.edu.tr,assets/img/logo/126537.png,Uşak Üniversitesi Rektörlüğü 1 Eylül Kampüsü  64200 - UŞAK
ÜSKÜDAR ÜNİVERSİTESİ,Vakıf,İstanbul,http://www.uskudar.edu.tr,assets/img/logo/206795.png,Altunizade Mah.Haluk Türksoy Sok. No:14 Üsküdar/İstanbul
VAN YÜZÜNCÜ YIL ÜNİVERSİTESİ,Devlet,Van,http://www.yyu.edu.tr/,assets/img/logo/337414.png,"Van Yüzüncü Yıl Üniversitesi Rektörlüğü, 65080, Kampüs / VAN"
YALOVA ÜNİVERSİTESİ,Devlet,Yalova,http://www.yalova.edu.tr/rektorluk,assets/img/logo/126742.png,Çınarcık Yolu 2.km Merkez Kampüsü Yalova
YAŞAR ÜNİVERSİTESİ,Vakıf,İzmir,http://www.yasar.edu.tr,assets/img/logo/126773.png,"Üniversite Cad., No.:35-37, Ağaçlı Yol, Bornova-İZMİR"
YEDİTEPE ÜNİVERSİTESİ,Vakıf,İstanbul,http://www.yeditepe.edu.tr/,assets/img/logo/126818.png,26 Ağustos Yerleşimi.Kayışdağı Cad.34755 Ataşehir/İstanbul
YILDIZ TEKNİK ÜNİVERSİTESİ,Devlet,İstanbul,http://www.yildiz.edu.tr,assets/img/logo/126982.png,Davutpaşa Mah. Davutpaşa Cad. 34220 Esenler - İstanbul
YOZGAT BOZOK ÜNİVERSİTESİ,Devlet,Yozgat,http://www.bozok.edu.tr/,assets/img/logo/359730.png,Medrese Mahallesi Adnan Menderes Bulvarı No:118 66200 Yozgat
YÜKSEK İHTİSAS ÜNİVERSİTESİ,Vakıf,Ankara,https://Yüksek İhtisas Üniversitesi,assets/img/logo/206792.png,İşçi blokları mahallesi 1505. sokak Çankaya/ANKARA
ZONGULDAK BÜLENT ECEVİT ÜNİVERSİTESİ,Devlet,Zonguldak,https://www.beun.edu.tr,assets/img/logo/365890.png,"Zonguldak Bülent Ecevit Üniversitesi Rektörlüğü
İncivez-ZONGULDAK"
